agent,mytype
https://nago.nl/agent/1627,ontwerpbureau
https://nago.nl/agent/2287,overig
https://nago.nl/agent/2293,overig
https://nago.nl/agent/2295,museum
https://nago.nl/agent/2296,overig
https://nago.nl/agent/2297,stichting
https://nago.nl/agent/2300,bureau
https://nago.nl/agent/2301,bedrijf
https://nago.nl/agent/2302,overig
https://nago.nl/agent/2303,overig
https://nago.nl/agent/2305,stichting
https://nago.nl/agent/2306,museum
https://nago.nl/agent/2307,overig
https://nago.nl/agent/2308,overig
https://nago.nl/agent/2309,handel
https://nago.nl/agent/2310,rijksoverheid
https://nago.nl/agent/2312,gezondheidszorg
https://nago.nl/agent/2313,museum
https://nago.nl/agent/2315,semi-overheid
https://nago.nl/agent/2318,overig
https://nago.nl/agent/2319,overig
https://nago.nl/agent/2320,overig
https://nago.nl/agent/2321,museum
https://nago.nl/agent/2323,museum
https://nago.nl/agent/2328,overig
https://nago.nl/agent/2332,overig
https://nago.nl/agent/2335,bedrijf
https://nago.nl/agent/2343,archief
https://nago.nl/agent/2344,ontwerpbureau
https://nago.nl/agent/2347,overig
https://nago.nl/agent/2348,overig
https://nago.nl/agent/2349,overig
https://nago.nl/agent/2350,bedrijf
https://nago.nl/agent/2352,bureau
https://nago.nl/agent/2355,binderij
https://nago.nl/agent/2356,overig
https://nago.nl/agent/2357,bedrijf
https://nago.nl/agent/2358,bureau
https://nago.nl/agent/2363,stichting
https://nago.nl/agent/2364,overig
https://nago.nl/agent/2366,overig
https://nago.nl/agent/2368,stichting
https://nago.nl/agent/2372,museum
https://nago.nl/agent/2373,museum
https://nago.nl/agent/2374,overig
https://nago.nl/agent/2377,stichting
https://nago.nl/agent/2381,theater
https://nago.nl/agent/2384,stichting
https://nago.nl/agent/2398,overig
https://nago.nl/agent/2405,overig
https://nago.nl/agent/2408,theater
https://nago.nl/agent/2410,overig
https://nago.nl/agent/2428,museum
https://nago.nl/agent/2462,overig
https://nago.nl/agent/2466,museum
https://nago.nl/agent/2473,overig
https://nago.nl/agent/2474,museum
https://nago.nl/agent/2485,overig
https://nago.nl/agent/2496,stichting
https://nago.nl/agent/2513,ontwerpbureau
https://nago.nl/agent/2515,bedrijf
https://nago.nl/agent/2517,architectenbureau
https://nago.nl/agent/2523,bedrijf
https://nago.nl/agent/2524,bedrijf
https://nago.nl/agent/2530,bureau
https://nago.nl/agent/2536,beroepsvereniging
https://nago.nl/agent/2537,bedrijf
https://nago.nl/agent/2538,bank
https://nago.nl/agent/2545,overig
https://nago.nl/agent/2550,overig
https://nago.nl/agent/2554,overig
https://nago.nl/agent/2557,overig
https://nago.nl/agent/2558,overig
https://nago.nl/agent/2560,bedrijf
https://nago.nl/agent/2561,bedrijf
https://nago.nl/agent/2562,bedrijf
https://nago.nl/agent/2564,bedrijf
https://nago.nl/agent/2566,overig
https://nago.nl/agent/2572,bedrijf
https://nago.nl/agent/2573,overig
https://nago.nl/agent/2574,bedrijf
https://nago.nl/agent/2576,overig
https://nago.nl/agent/2578,overig
https://nago.nl/agent/2580,bedrijf
https://nago.nl/agent/2581,overig
https://nago.nl/agent/2582,vereniging
https://nago.nl/agent/2583,bedrijf
https://nago.nl/agent/2585,overig
https://nago.nl/agent/2586,theater
https://nago.nl/agent/2588,ontwerpbureau
https://nago.nl/agent/2589,overig
https://nago.nl/agent/2594,overig
https://nago.nl/agent/2595,gemeente
https://nago.nl/agent/2596,bedrijf
https://nago.nl/agent/2597,bedrijf
https://nago.nl/agent/2599,bedrijf
https://nago.nl/agent/2600,overig
https://nago.nl/agent/2602,bedrijf
https://nago.nl/agent/2604,overig
https://nago.nl/agent/2605,bedrijf
https://nago.nl/agent/2606,stichting
https://nago.nl/agent/2610,overig
https://nago.nl/agent/2611,gemeente
https://nago.nl/agent/2613,gemeente
https://nago.nl/agent/2614,overig
https://nago.nl/agent/2616,overig
https://nago.nl/agent/2617,bedrijf
https://nago.nl/agent/2619,overig
https://nago.nl/agent/2622,overig
https://nago.nl/agent/2623,overig
https://nago.nl/agent/2624,overig
https://nago.nl/agent/2625,bedrijf
https://nago.nl/agent/2626,bureau
https://nago.nl/agent/2627,overig
https://nago.nl/agent/2628,bureau
https://nago.nl/agent/2629,overig
https://nago.nl/agent/2630,overig
https://nago.nl/agent/2631,bedrijf
https://nago.nl/agent/2632,overig
https://nago.nl/agent/2642,bureau
https://nago.nl/agent/2646,overig
https://nago.nl/agent/2647,overig
https://nago.nl/agent/2649,overig
https://nago.nl/agent/2650,ontwerpbureau
https://nago.nl/agent/2651,overig
https://nago.nl/agent/2652,overig
https://nago.nl/agent/2653,bedrijf
https://nago.nl/agent/2655,overig
https://nago.nl/agent/2656,overig
https://nago.nl/agent/2657,vereniging
https://nago.nl/agent/2659,bedrijf
https://nago.nl/agent/2660,overig
https://nago.nl/agent/2661,bedrijf
https://nago.nl/agent/2666,bedrijf
https://nago.nl/agent/2676,ontwerpbureau
https://nago.nl/agent/2677,bureau
https://nago.nl/agent/2683,overig
https://nago.nl/agent/2685,overig
https://nago.nl/agent/2695,overig
https://nago.nl/agent/2939,stichting
https://nago.nl/agent/2940,overig
https://nago.nl/agent/2941,overig
https://nago.nl/agent/2943,bank
https://nago.nl/agent/2944,stichting
https://nago.nl/agent/2946,overig
https://nago.nl/agent/2948,vereniging
https://nago.nl/agent/2950,theater
https://nago.nl/agent/2951,overig
https://nago.nl/agent/2955,overig
https://nago.nl/agent/2956,overig
https://nago.nl/agent/2957,vereniging
https://nago.nl/agent/2958,bedrijf
https://nago.nl/agent/2964,overig
https://nago.nl/agent/2968,museum
https://nago.nl/agent/2972,fonds
https://nago.nl/agent/2976,overig
https://nago.nl/agent/2981,vereniging
https://nago.nl/agent/2983,ontwerpbureau
https://nago.nl/agent/2987,overig
https://nago.nl/agent/2988,theater
https://nago.nl/agent/2991,bedrijf
https://nago.nl/agent/2993,stichting
https://nago.nl/agent/2997,overig
https://nago.nl/agent/2998,overig
https://nago.nl/agent/2999,bedrijf
https://nago.nl/agent/3002,theater
https://nago.nl/agent/3005,partij
https://nago.nl/agent/3006,gemeente
https://nago.nl/agent/3008,overig
https://nago.nl/agent/3010,overig
https://nago.nl/agent/3012,museum
https://nago.nl/agent/3014,bedrijf
https://nago.nl/agent/3016,stichting
https://nago.nl/agent/3017,overig
https://nago.nl/agent/3018,theater
https://nago.nl/agent/3020,overig
https://nago.nl/agent/3021,stichting
https://nago.nl/agent/3024,rijksoverheid
https://nago.nl/agent/3026,theater
https://nago.nl/agent/3028,bedrijf
https://nago.nl/agent/3030,museum
https://nago.nl/agent/3031,beroepsvereniging
https://nago.nl/agent/3033,bank
https://nago.nl/agent/3034,overig
https://nago.nl/agent/3036,theater
https://nago.nl/agent/3039,overig
https://nago.nl/agent/3044,overig
https://nago.nl/agent/3045,museum
https://nago.nl/agent/3046,overig
https://nago.nl/agent/3048,bedrijf
https://nago.nl/agent/3049,overig
https://nago.nl/agent/3051,overig
https://nago.nl/agent/3053,bedrijf
https://nago.nl/agent/3054,rijksoverheid
https://nago.nl/agent/3057,museum
https://nago.nl/agent/3058,stichting
https://nago.nl/agent/3061,theater
https://nago.nl/agent/3062,overig
https://nago.nl/agent/3063,bank
https://nago.nl/agent/3064,bedrijf
https://nago.nl/agent/3066,bedrijf
https://nago.nl/agent/3067,bedrijf
https://nago.nl/agent/3068,overig
https://nago.nl/agent/3069,overig
https://nago.nl/agent/3070,bedrijf
https://nago.nl/agent/3071,overig
https://nago.nl/agent/3073,overig
https://nago.nl/agent/3074,overig
https://nago.nl/agent/3081,overig
https://nago.nl/agent/3082,overig
https://nago.nl/agent/3083,museum
https://nago.nl/agent/3084,overig
https://nago.nl/agent/3085,museum
https://nago.nl/agent/3087,museum
https://nago.nl/agent/3088,overig
https://nago.nl/agent/3090,museum
https://nago.nl/agent/3093,fonds
https://nago.nl/agent/3094,bedrijf
https://nago.nl/agent/3095,overig
https://nago.nl/agent/3097,overig
https://nago.nl/agent/3098,bedrijf
https://nago.nl/agent/3099,overig
https://nago.nl/agent/3100,gemeente
https://nago.nl/agent/3101,overig
https://nago.nl/agent/3104,overig
https://nago.nl/agent/3106,stichting
https://nago.nl/agent/3109,overig
https://nago.nl/agent/3110,overig
https://nago.nl/agent/3111,rijksoverheid
https://nago.nl/agent/3112,overig
https://nago.nl/agent/3114,museum
https://nago.nl/agent/3118,overig
https://nago.nl/agent/3119,stichting
https://nago.nl/agent/3120,overig
https://nago.nl/agent/3125,overig
https://nago.nl/agent/3130,museum
https://nago.nl/agent/3132,overig
https://nago.nl/agent/3133,overig
https://nago.nl/agent/3134,overig
https://nago.nl/agent/3136,stichting
https://nago.nl/agent/3137,vereniging
https://nago.nl/agent/3138,museum
https://nago.nl/agent/3139,overig
https://nago.nl/agent/3143,overig
https://nago.nl/agent/3147,bureau
https://nago.nl/agent/3166,overig
https://nago.nl/agent/3169,bureau
https://nago.nl/agent/3182,theater
https://nago.nl/agent/3184,overig
https://nago.nl/agent/3185,museum
https://nago.nl/agent/3188,theater
https://nago.nl/agent/3190,partij
https://nago.nl/agent/3192,theater
https://nago.nl/agent/3203,overig
https://nago.nl/agent/3205,overig
https://nago.nl/agent/3206,overig
https://nago.nl/agent/3210,partij
https://nago.nl/agent/3212,overig
https://nago.nl/agent/3213,overig
https://nago.nl/agent/3214,vereniging
https://nago.nl/agent/3216,vereniging
https://nago.nl/agent/3217,overig
https://nago.nl/agent/3219,overig
https://nago.nl/agent/3220,overig
https://nago.nl/agent/3221,theater
https://nago.nl/agent/3222,theater
https://nago.nl/agent/3224,theater
https://nago.nl/agent/3226,rijksoverheid
https://nago.nl/agent/3227,overig
https://nago.nl/agent/3228,overig
https://nago.nl/agent/3237,overig
https://nago.nl/agent/3241,overig
https://nago.nl/agent/3243,overig
https://nago.nl/agent/3244,overig
https://nago.nl/agent/3245,stichting
https://nago.nl/agent/3247,theater
https://nago.nl/agent/3248,overig
https://nago.nl/agent/3250,overig
https://nago.nl/agent/3252,rijksoverheid
https://nago.nl/agent/3253,theater
https://nago.nl/agent/3254,stichting
https://nago.nl/agent/3255,museum
https://nago.nl/agent/3256,theater
https://nago.nl/agent/3257,overig
https://nago.nl/agent/3258,overig
https://nago.nl/agent/3267,overig
https://nago.nl/agent/3268,overig
https://nago.nl/agent/3269,overig
https://nago.nl/agent/3270,overig
https://nago.nl/agent/3271,overig
https://nago.nl/agent/3273,overig
https://nago.nl/agent/3274,overig
https://nago.nl/agent/3277,overig
https://nago.nl/agent/3281,overig
https://nago.nl/agent/3283,overig
https://nago.nl/agent/3284,stichting
https://nago.nl/agent/3285,overig
https://nago.nl/agent/3286,overig
https://nago.nl/agent/3287,overig
https://nago.nl/agent/3289,vereniging
https://nago.nl/agent/3290,overig
https://nago.nl/agent/3291,overig
https://nago.nl/agent/3294,overig
https://nago.nl/agent/3296,overig
https://nago.nl/agent/3298,overig
https://nago.nl/agent/3304,overig
https://nago.nl/agent/3305,overig
https://nago.nl/agent/3309,theater
https://nago.nl/agent/3310,overig
https://nago.nl/agent/3311,overig
https://nago.nl/agent/3312,overig
https://nago.nl/agent/3313,theater
https://nago.nl/agent/3314,theater
https://nago.nl/agent/3315,overig
https://nago.nl/agent/3317,overig
https://nago.nl/agent/3318,overig
https://nago.nl/agent/3319,overig
https://nago.nl/agent/3320,theater
https://nago.nl/agent/3321,museum
https://nago.nl/agent/3322,museum
https://nago.nl/agent/3323,overig
https://nago.nl/agent/3324,overig
https://nago.nl/agent/3325,stichting
https://nago.nl/agent/3326,overig
https://nago.nl/agent/3327,stichting
https://nago.nl/agent/3328,overig
https://nago.nl/agent/3329,bank
https://nago.nl/agent/3330,overig
https://nago.nl/agent/3331,overig
https://nago.nl/agent/3332,overig
https://nago.nl/agent/3333,overig
https://nago.nl/agent/3334,museum
https://nago.nl/agent/3335,overig
https://nago.nl/agent/3336,overig
https://nago.nl/agent/3337,overig
https://nago.nl/agent/3338,overig
https://nago.nl/agent/3348,overig
https://nago.nl/agent/3351,overig
https://nago.nl/agent/3355,overig
https://nago.nl/agent/3356,overig
https://nago.nl/agent/3360,stichting
https://nago.nl/agent/3361,overig
https://nago.nl/agent/3366,overig
https://nago.nl/agent/3368,overig
https://nago.nl/agent/3370,stichting
https://nago.nl/agent/3371,stichting
https://nago.nl/agent/3372,stichting
https://nago.nl/agent/3374,stichting
https://nago.nl/agent/3375,overig
https://nago.nl/agent/3376,stichting
https://nago.nl/agent/3377,overig
https://nago.nl/agent/3378,theater
https://nago.nl/agent/3382,overig
https://nago.nl/agent/3384,overig
https://nago.nl/agent/3386,museum
https://nago.nl/agent/3387,overig
https://nago.nl/agent/3392,stichting
https://nago.nl/agent/3393,stichting
https://nago.nl/agent/3397,overig
https://nago.nl/agent/3398,stichting
https://nago.nl/agent/3400,overig
https://nago.nl/agent/3401,stichting
https://nago.nl/agent/3402,overig
https://nago.nl/agent/3403,overig
https://nago.nl/agent/3404,overig
https://nago.nl/agent/3405,overig
https://nago.nl/agent/3406,vereniging
https://nago.nl/agent/3407,overig
https://nago.nl/agent/3408,overig
https://nago.nl/agent/3410,overig
https://nago.nl/agent/3412,overig
https://nago.nl/agent/3413,overig
https://nago.nl/agent/3414,stichting
https://nago.nl/agent/3415,overig
https://nago.nl/agent/3416,overig
https://nago.nl/agent/3417,theater
https://nago.nl/agent/3419,overig
https://nago.nl/agent/3421,overig
https://nago.nl/agent/3422,overig
https://nago.nl/agent/3423,overig
https://nago.nl/agent/3424,overig
https://nago.nl/agent/3425,overig
https://nago.nl/agent/3426,stichting
https://nago.nl/agent/3428,stichting
https://nago.nl/agent/3431,overig
https://nago.nl/agent/3432,overig
https://nago.nl/agent/3433,overig
https://nago.nl/agent/3435,overig
https://nago.nl/agent/3444,overig
https://nago.nl/agent/3449,overig
https://nago.nl/agent/3450,overig
https://nago.nl/agent/3452,overig
https://nago.nl/agent/3453,overig
https://nago.nl/agent/3454,gemeente
https://nago.nl/agent/3455,bedrijf
https://nago.nl/agent/3456,stichting
https://nago.nl/agent/3457,bedrijf
https://nago.nl/agent/3458,overig
https://nago.nl/agent/3460,overig
https://nago.nl/agent/3461,bedrijf
https://nago.nl/agent/3462,bedrijf
https://nago.nl/agent/3465,bedrijf
https://nago.nl/agent/3468,bedrijf
https://nago.nl/agent/3469,overig
https://nago.nl/agent/3470,overig
https://nago.nl/agent/3471,bedrijf
https://nago.nl/agent/3472,overig
https://nago.nl/agent/3473,overig
https://nago.nl/agent/3479,overig
https://nago.nl/agent/3484,overig
https://nago.nl/agent/3485,bedrijf
https://nago.nl/agent/3486,bedrijf
https://nago.nl/agent/3487,bedrijf
https://nago.nl/agent/3488,bedrijf
https://nago.nl/agent/3489,overig
https://nago.nl/agent/3490,overig
https://nago.nl/agent/3493,overig
https://nago.nl/agent/3494,overig
https://nago.nl/agent/3495,overig
https://nago.nl/agent/3496,bedrijf
https://nago.nl/agent/3497,theater
https://nago.nl/agent/3498,overig
https://nago.nl/agent/3499,overig
https://nago.nl/agent/3500,overig
https://nago.nl/agent/3501,museum
https://nago.nl/agent/3502,onderwijs
https://nago.nl/agent/3503,overig
https://nago.nl/agent/3504,stichting
https://nago.nl/agent/3506,stichting
https://nago.nl/agent/3507,bedrijf
https://nago.nl/agent/3511,gemeente
https://nago.nl/agent/3512,gemeente
https://nago.nl/agent/3514,overig
https://nago.nl/agent/3527,bureau
https://nago.nl/agent/3529,bedrijf
https://nago.nl/agent/3534,vereniging
https://nago.nl/agent/3535,overig
https://nago.nl/agent/3536,overig
https://nago.nl/agent/3539,overig
https://nago.nl/agent/3540,overig
https://nago.nl/agent/3544,overig
https://nago.nl/agent/3546,overig
https://nago.nl/agent/3549,overig
https://nago.nl/agent/3552,rijksoverheid
https://nago.nl/agent/3553,theater
https://nago.nl/agent/3558,overig
https://nago.nl/agent/3560,bedrijf
https://nago.nl/agent/3561,overig
https://nago.nl/agent/3563,overig
https://nago.nl/agent/3564,fonds
https://nago.nl/agent/3566,overig
https://nago.nl/agent/3567,overig
https://nago.nl/agent/3568,bedrijf
https://nago.nl/agent/3570,stichting
https://nago.nl/agent/3574,bedrijf
https://nago.nl/agent/3575,bedrijf
https://nago.nl/agent/3576,bedrijf
https://nago.nl/agent/3577,bedrijf
https://nago.nl/agent/3578,overig
https://nago.nl/agent/3582,museum
https://nago.nl/agent/3594,museum
https://nago.nl/agent/3600,stichting
https://nago.nl/agent/3603,stichting
https://nago.nl/agent/3609,overig
https://nago.nl/agent/3612,overig
https://nago.nl/agent/3614,overig
https://nago.nl/agent/3615,overig
https://nago.nl/agent/3616,overig
https://nago.nl/agent/3618,overig
https://nago.nl/agent/3619,onderwijs
https://nago.nl/agent/3622,overig
https://nago.nl/agent/3625,ontwerpbureau
https://nago.nl/agent/3628,overig
https://nago.nl/agent/3631,bedrijf
https://nago.nl/agent/3632,bedrijf
https://nago.nl/agent/3633,bedrijf
https://nago.nl/agent/3635,stichting
https://nago.nl/agent/3636,gezondheidszorg
https://nago.nl/agent/3640,overig
https://nago.nl/agent/3642,gezondheidszorg
https://nago.nl/agent/3652,theater
https://nago.nl/agent/3654,bedrijf
https://nago.nl/agent/3655,bedrijf
https://nago.nl/agent/3656,bedrijf
https://nago.nl/agent/3657,overig
https://nago.nl/agent/3658,bedrijf
https://nago.nl/agent/3659,onderwijs
https://nago.nl/agent/3660,vereniging
https://nago.nl/agent/3662,overig
https://nago.nl/agent/3663,bedrijf
https://nago.nl/agent/3664,stichting
https://nago.nl/agent/3666,overig
https://nago.nl/agent/3670,bedrijf
https://nago.nl/agent/3679,overig
https://nago.nl/agent/3683,overig
https://nago.nl/agent/3689,gemeente
https://nago.nl/agent/3693,overig
https://nago.nl/agent/3696,architectenbureau
https://nago.nl/agent/3698,onderwijs
https://nago.nl/agent/3699,overig
https://nago.nl/agent/3700,overig
https://nago.nl/agent/3701,bedrijf
https://nago.nl/agent/3702,overig
https://nago.nl/agent/3703,overig
https://nago.nl/agent/3704,overig
https://nago.nl/agent/3705,overig
https://nago.nl/agent/3706,overig
https://nago.nl/agent/3708,overig
https://nago.nl/agent/3709,overig
https://nago.nl/agent/3711,overig
https://nago.nl/agent/3713,overig
https://nago.nl/agent/3714,overig
https://nago.nl/agent/3715,overig
https://nago.nl/agent/3716,overig
https://nago.nl/agent/3720,stichting
https://nago.nl/agent/3722,stichting
https://nago.nl/agent/3724,overig
https://nago.nl/agent/3725,overig
https://nago.nl/agent/3727,overig
https://nago.nl/agent/3729,overig
https://nago.nl/agent/3731,onderwijs
https://nago.nl/agent/3732,bedrijf
https://nago.nl/agent/3734,overig
https://nago.nl/agent/3735,overig
https://nago.nl/agent/3737,overig
https://nago.nl/agent/3740,overig
https://nago.nl/agent/3749,overig
https://nago.nl/agent/3750,museum
https://nago.nl/agent/3762,overig
https://nago.nl/agent/3779,stichting
https://nago.nl/agent/3780,stichting
https://nago.nl/agent/3786,stichting
https://nago.nl/agent/3795,bedrijf
https://nago.nl/agent/3799,theater
https://nago.nl/agent/3807,onderwijs
https://nago.nl/agent/3814,theater
https://nago.nl/agent/3818,overig
https://nago.nl/agent/3820,stichting
https://nago.nl/agent/3824,overig
https://nago.nl/agent/3827,stichting
https://nago.nl/agent/3830,stichting
https://nago.nl/agent/3831,theater
https://nago.nl/agent/3832,overig
https://nago.nl/agent/3833,theater
https://nago.nl/agent/3836,overig
https://nago.nl/agent/3842,museum
https://nago.nl/agent/3846,ontwerpbureau
https://nago.nl/agent/3847,overig
https://nago.nl/agent/3851,overig
https://nago.nl/agent/3852,overig
https://nago.nl/agent/3856,bank
https://nago.nl/agent/3860,rijksoverheid
https://nago.nl/agent/3862,overig
https://nago.nl/agent/3863,theater
https://nago.nl/agent/3866,theater
https://nago.nl/agent/3869,vereniging
https://nago.nl/agent/3872,overig
https://nago.nl/agent/3873,stichting
https://nago.nl/agent/3874,overig
https://nago.nl/agent/3875,museum
https://nago.nl/agent/3876,stichting
https://nago.nl/agent/3878,overig
https://nago.nl/agent/3882,overig
https://nago.nl/agent/3883,overig
https://nago.nl/agent/3884,bedrijf
https://nago.nl/agent/3885,overig
https://nago.nl/agent/3886,overig
https://nago.nl/agent/3887,overig
https://nago.nl/agent/3890,overig
https://nago.nl/agent/3891,overig
https://nago.nl/agent/3895,overig
https://nago.nl/agent/3896,stichting
https://nago.nl/agent/3897,overig
https://nago.nl/agent/3908,overig
https://nago.nl/agent/3909,overig
https://nago.nl/agent/3911,overig
https://nago.nl/agent/3912,stichting
https://nago.nl/agent/3914,ontwerpbureau
https://nago.nl/agent/3919,bedrijf
https://nago.nl/agent/3934,overig
https://nago.nl/agent/3938,overig
https://nago.nl/agent/3940,overig
https://nago.nl/agent/3941,gemeente
https://nago.nl/agent/3944,gezondheidszorg
https://nago.nl/agent/3951,overig
https://nago.nl/agent/3960,rijksoverheid
https://nago.nl/agent/3964,overig
https://nago.nl/agent/3965,overig
https://nago.nl/agent/3968,bedrijf
https://nago.nl/agent/3971,bedrijf
https://nago.nl/agent/3972,bedrijf
https://nago.nl/agent/3974,overig
https://nago.nl/agent/3984,gezondheidszorg
https://nago.nl/agent/3992,stichting
https://nago.nl/agent/3997,bedrijf
https://nago.nl/agent/3998,overig
https://nago.nl/agent/4000,gemeente
https://nago.nl/agent/4003,overig
https://nago.nl/agent/4009,overig
https://nago.nl/agent/4013,bedrijf
https://nago.nl/agent/4015,architectenbureau
https://nago.nl/agent/4020,theater
https://nago.nl/agent/4022,overig
https://nago.nl/agent/4024,overig
https://nago.nl/agent/4028,ontwerpbureau
https://nago.nl/agent/4029,overig
https://nago.nl/agent/4030,bedrijf
https://nago.nl/agent/4034,overig
https://nago.nl/agent/4035,onderwijs
https://nago.nl/agent/4036,overig
https://nago.nl/agent/4040,overig
https://nago.nl/agent/4043,overig
https://nago.nl/agent/4045,overig
https://nago.nl/agent/4047,overig
https://nago.nl/agent/4049,overig
https://nago.nl/agent/4052,bedrijf
https://nago.nl/agent/4053,bedrijf
https://nago.nl/agent/4054,bedrijf
https://nago.nl/agent/4056,bedrijf
https://nago.nl/agent/4057,museum
https://nago.nl/agent/4058,provincie
https://nago.nl/agent/4060,overig
https://nago.nl/agent/4061,bedrijf
https://nago.nl/agent/4063,bedrijf
https://nago.nl/agent/4072,provincie
https://nago.nl/agent/4078,overig
https://nago.nl/agent/4080,overig
https://nago.nl/agent/4084,overig
https://nago.nl/agent/4088,overig
https://nago.nl/agent/4089,overig
https://nago.nl/agent/4093,bank
https://nago.nl/agent/4094,overig
https://nago.nl/agent/4098,ontwerpbureau
https://nago.nl/agent/4102,overig
https://nago.nl/agent/4103,overig
https://nago.nl/agent/4108,overig
https://nago.nl/agent/4110,stichting
https://nago.nl/agent/4113,overig
https://nago.nl/agent/4114,overig
https://nago.nl/agent/4116,bedrijf
https://nago.nl/agent/4117,overig
https://nago.nl/agent/4118,overig
https://nago.nl/agent/4122,overig
https://nago.nl/agent/4124,bedrijf
https://nago.nl/agent/4130,overig
https://nago.nl/agent/4131,bank
https://nago.nl/agent/4132,overig
https://nago.nl/agent/4135,overig
https://nago.nl/agent/4137,overig
https://nago.nl/agent/4139,overig
https://nago.nl/agent/4141,architectenbureau
https://nago.nl/agent/4142,bedrijf
https://nago.nl/agent/4144,stichting
https://nago.nl/agent/4145,overig
https://nago.nl/agent/4148,overig
https://nago.nl/agent/4149,overig
https://nago.nl/agent/4150,overig
https://nago.nl/agent/4153,overig
https://nago.nl/agent/4154,overig
https://nago.nl/agent/4159,overig
https://nago.nl/agent/4160,overig
https://nago.nl/agent/4166,overig
https://nago.nl/agent/4170,gemeente
https://nago.nl/agent/4172,overig
https://nago.nl/agent/4177,ontwerpbureau
https://nago.nl/agent/4179,ontwerpbureau
https://nago.nl/agent/4180,overig
https://nago.nl/agent/4182,overig
https://nago.nl/agent/4183,overig
https://nago.nl/agent/4184,overig
https://nago.nl/agent/4185,overig
https://nago.nl/agent/4187,overig
https://nago.nl/agent/4189,overig
https://nago.nl/agent/4191,overig
https://nago.nl/agent/4192,overig
https://nago.nl/agent/4193,overig
https://nago.nl/agent/4195,overig
https://nago.nl/agent/4196,ontwerpbureau
https://nago.nl/agent/4198,overig
https://nago.nl/agent/4202,overig
https://nago.nl/agent/4203,overig
https://nago.nl/agent/4206,overig
https://nago.nl/agent/4209,overig
https://nago.nl/agent/4213,overig
https://nago.nl/agent/4214,overig
https://nago.nl/agent/4215,overig
https://nago.nl/agent/4216,stichting
https://nago.nl/agent/4217,rijksoverheid
https://nago.nl/agent/4222,stichting
https://nago.nl/agent/4223,overig
https://nago.nl/agent/4225,rijksoverheid
https://nago.nl/agent/4226,overig
https://nago.nl/agent/4227,overig
https://nago.nl/agent/4230,overig
https://nago.nl/agent/4231,vereniging
https://nago.nl/agent/4232,bureau
https://nago.nl/agent/4233,ontwerpbureau
https://nago.nl/agent/4237,overig
https://nago.nl/agent/4238,overig
https://nago.nl/agent/4240,stichting
https://nago.nl/agent/4243,bedrijf
https://nago.nl/agent/4244,bedrijf
https://nago.nl/agent/4246,bedrijf
https://nago.nl/agent/4247,architectenbureau
https://nago.nl/agent/4252,overig
https://nago.nl/agent/4253,overig
https://nago.nl/agent/4254,bureau
https://nago.nl/agent/4258,overig
https://nago.nl/agent/4259,ontwerpbureau
https://nago.nl/agent/4260,bedrijf
https://nago.nl/agent/4263,bedrijf
https://nago.nl/agent/4274,bedrijf
https://nago.nl/agent/4276,overig
https://nago.nl/agent/4278,stichting
https://nago.nl/agent/4280,bedrijf
https://nago.nl/agent/4281,gezondheidszorg
https://nago.nl/agent/4283,theater
https://nago.nl/agent/4284,bedrijf
https://nago.nl/agent/4289,stichting
https://nago.nl/agent/4290,overig
https://nago.nl/agent/4291,stichting
https://nago.nl/agent/4292,overig
https://nago.nl/agent/4293,bedrijf
https://nago.nl/agent/4294,overig
https://nago.nl/agent/4295,bedrijf
https://nago.nl/agent/4296,overig
https://nago.nl/agent/4297,overig
https://nago.nl/agent/4299,overig
https://nago.nl/agent/4303,stichting
https://nago.nl/agent/4304,bedrijf
https://nago.nl/agent/4305,overig
https://nago.nl/agent/4309,bedrijf
https://nago.nl/agent/4312,overig
https://nago.nl/agent/4313,overig
https://nago.nl/agent/4315,overig
https://nago.nl/agent/4316,bank
https://nago.nl/agent/4317,overig
https://nago.nl/agent/4319,museum
https://nago.nl/agent/4322,overig
https://nago.nl/agent/4323,bedrijf
https://nago.nl/agent/4324,bedrijf
https://nago.nl/agent/4325,overig
https://nago.nl/agent/4329,ontwerpbureau
https://nago.nl/agent/4330,overig
https://nago.nl/agent/4331,bedrijf
https://nago.nl/agent/4333,bedrijf
https://nago.nl/agent/4337,overig
https://nago.nl/agent/4338,museum
https://nago.nl/agent/4349,overig
https://nago.nl/agent/4350,overig
https://nago.nl/agent/4351,rijksoverheid
https://nago.nl/agent/4355,overig
https://nago.nl/agent/4357,overig
https://nago.nl/agent/4368,stichting
https://nago.nl/agent/4392,bedrijf
https://nago.nl/agent/4395,overig
https://nago.nl/agent/4396,overig
https://nago.nl/agent/4397,bedrijf
https://nago.nl/agent/4398,overig
https://nago.nl/agent/4399,bedrijf
https://nago.nl/agent/4400,overig
https://nago.nl/agent/4405,overig
https://nago.nl/agent/4406,overig
https://nago.nl/agent/4412,stichting
https://nago.nl/agent/4416,ontwerpbureau
https://nago.nl/agent/4423,binderij
https://nago.nl/agent/4424,binderij
https://nago.nl/agent/4427,bedrijf
https://nago.nl/agent/4429,bedrijf
https://nago.nl/agent/4435,bedrijf
https://nago.nl/agent/4436,overig
https://nago.nl/agent/4437,overig
https://nago.nl/agent/4440,bedrijf
https://nago.nl/agent/4441,bedrijf
https://nago.nl/agent/4443,overig
https://nago.nl/agent/4444,bedrijf
https://nago.nl/agent/4447,overig
https://nago.nl/agent/4450,overig
https://nago.nl/agent/4458,rijksoverheid
https://nago.nl/agent/4469,binderij
https://nago.nl/agent/4472,overig
https://nago.nl/agent/4473,overig
https://nago.nl/agent/4474,bedrijf
https://nago.nl/agent/4480,bedrijf
https://nago.nl/agent/4485,bedrijf
https://nago.nl/agent/4486,bedrijf
https://nago.nl/agent/4487,bedrijf
https://nago.nl/agent/4491,overig
https://nago.nl/agent/4492,overig
https://nago.nl/agent/4494,overig
https://nago.nl/agent/4498,overig
https://nago.nl/agent/4499,overig
https://nago.nl/agent/4502,overig
https://nago.nl/agent/4503,bedrijf
https://nago.nl/agent/4505,ontwerpbureau
https://nago.nl/agent/4506,bedrijf
https://nago.nl/agent/4507,bedrijf
https://nago.nl/agent/4508,vereniging
https://nago.nl/agent/4510,overig
https://nago.nl/agent/4511,bedrijf
https://nago.nl/agent/4514,bedrijf
https://nago.nl/agent/4515,gezondheidszorg
https://nago.nl/agent/4516,onderwijs
https://nago.nl/agent/4517,overig
https://nago.nl/agent/4518,overig
https://nago.nl/agent/4520,architectenbureau
https://nago.nl/agent/4523,architectenbureau
https://nago.nl/agent/4524,overig
https://nago.nl/agent/4529,bedrijf
https://nago.nl/agent/4530,bedrijf
https://nago.nl/agent/4533,bedrijf
https://nago.nl/agent/4536,gezondheidszorg
https://nago.nl/agent/4537,stichting
https://nago.nl/agent/4540,bedrijf
https://nago.nl/agent/4541,overig
https://nago.nl/agent/4542,overig
https://nago.nl/agent/4543,bedrijf
https://nago.nl/agent/4544,vereniging
https://nago.nl/agent/4546,overig
https://nago.nl/agent/4548,bedrijf
https://nago.nl/agent/4553,overig
https://nago.nl/agent/4555,bedrijf
https://nago.nl/agent/4562,bedrijf
https://nago.nl/agent/4563,museum
https://nago.nl/agent/4564,bedrijf
https://nago.nl/agent/4565,vereniging
https://nago.nl/agent/4568,overig
https://nago.nl/agent/4569,overig
https://nago.nl/agent/4570,bedrijf
https://nago.nl/agent/4572,stichting
https://nago.nl/agent/4574,stichting
https://nago.nl/agent/4576,stichting
https://nago.nl/agent/4577,overig
https://nago.nl/agent/4580,stichting
https://nago.nl/agent/4583,bedrijf
https://nago.nl/agent/4587,bedrijf
https://nago.nl/agent/4589,stichting
https://nago.nl/agent/4596,stichting
https://nago.nl/agent/4598,bedrijf
https://nago.nl/agent/4599,bedrijf
https://nago.nl/agent/4600,bedrijf
https://nago.nl/agent/4602,bedrijf
https://nago.nl/agent/4605,bedrijf
https://nago.nl/agent/4606,overig
https://nago.nl/agent/4609,bedrijf
https://nago.nl/agent/4610,stichting
https://nago.nl/agent/4611,stichting
https://nago.nl/agent/4612,overig
https://nago.nl/agent/4613,overig
https://nago.nl/agent/4614,overig
https://nago.nl/agent/4615,overig
https://nago.nl/agent/4618,bedrijf
https://nago.nl/agent/4620,overig
https://nago.nl/agent/4622,stichting
https://nago.nl/agent/4623,bedrijf
https://nago.nl/agent/4624,architectenbureau
https://nago.nl/agent/4625,bank
https://nago.nl/agent/4627,bedrijf
https://nago.nl/agent/4628,bedrijf
https://nago.nl/agent/4630,architectenbureau
https://nago.nl/agent/4633,bedrijf
https://nago.nl/agent/4634,bedrijf
https://nago.nl/agent/4635,drukkerij
https://nago.nl/agent/4636,bedrijf
https://nago.nl/agent/4638,overig
https://nago.nl/agent/4639,bedrijf
https://nago.nl/agent/4643,bedrijf
https://nago.nl/agent/4644,architectenbureau
https://nago.nl/agent/4645,overig
https://nago.nl/agent/4646,architectenbureau
https://nago.nl/agent/4650,gemeente
https://nago.nl/agent/4652,bedrijf
https://nago.nl/agent/4653,bedrijf
https://nago.nl/agent/4655,bedrijf
https://nago.nl/agent/4656,bedrijf
https://nago.nl/agent/4657,bedrijf
https://nago.nl/agent/4658,overig
https://nago.nl/agent/4660,overig
https://nago.nl/agent/4663,bedrijf
https://nago.nl/agent/4665,overig
https://nago.nl/agent/4675,ontwerpbureau
https://nago.nl/agent/4676,bedrijf
https://nago.nl/agent/4682,overig
https://nago.nl/agent/4688,overig
https://nago.nl/agent/4691,overig
https://nago.nl/agent/4693,bedrijf
https://nago.nl/agent/4695,overig
https://nago.nl/agent/4697,overig
https://nago.nl/agent/4700,overig
https://nago.nl/agent/4703,museum
https://nago.nl/agent/4704,overig
https://nago.nl/agent/4705,stichting
https://nago.nl/agent/4706,overig
https://nago.nl/agent/4707,ontwerpbureau
https://nago.nl/agent/4708,binderij
https://nago.nl/agent/4710,overig
https://nago.nl/agent/4713,museum
https://nago.nl/agent/4716,binderij
https://nago.nl/agent/4721,museum
https://nago.nl/agent/4722,overig
https://nago.nl/agent/4726,ontwerpbureau
https://nago.nl/agent/4728,ontwerpbureau
https://nago.nl/agent/4730,stichting
https://nago.nl/agent/4735,binderij
https://nago.nl/agent/4736,stichting
https://nago.nl/agent/4737,binderij
https://nago.nl/agent/4738,stichting
https://nago.nl/agent/4739,stichting
https://nago.nl/agent/4740,museum
https://nago.nl/agent/4742,ontwerpbureau
https://nago.nl/agent/4743,ontwerpbureau
https://nago.nl/agent/4744,binderij
https://nago.nl/agent/4749,ontwerpbureau
https://nago.nl/agent/4753,overig
https://nago.nl/agent/4754,museum
https://nago.nl/agent/4757,overig
https://nago.nl/agent/4758,overig
https://nago.nl/agent/4760,overig
https://nago.nl/agent/4764,museum
https://nago.nl/agent/4784,binderij
https://nago.nl/agent/4787,binderij
https://nago.nl/agent/4791,binderij
https://nago.nl/agent/4792,bank
https://nago.nl/agent/4796,overig
https://nago.nl/agent/4801,overig
https://nago.nl/agent/4802,bedrijf
https://nago.nl/agent/4803,overig
https://nago.nl/agent/4805,bedrijf
https://nago.nl/agent/4807,architectenbureau
https://nago.nl/agent/4808,overig
https://nago.nl/agent/4809,overig
https://nago.nl/agent/4820,binderij
https://nago.nl/agent/4858,ontwerpbureau
https://nago.nl/agent/4876,binderij
https://nago.nl/agent/4924,museum
https://nago.nl/agent/4936,ontwerpbureau
https://nago.nl/agent/4938,ontwerpbureau
https://nago.nl/agent/4984,binderij
https://nago.nl/agent/5005,binderij
https://nago.nl/agent/5038,ontwerpbureau
https://nago.nl/agent/5057,binderij
https://nago.nl/agent/5082,binderij
https://nago.nl/agent/5132,museum
https://nago.nl/agent/5133,binderij
https://nago.nl/agent/5138,binderij
https://nago.nl/agent/5145,binderij
https://nago.nl/agent/5200,museum
https://nago.nl/agent/5251,museum
https://nago.nl/agent/5282,ontwerpbureau
https://nago.nl/agent/5290,binderij
https://nago.nl/agent/5291,museum
https://nago.nl/agent/5320,binderij
https://nago.nl/agent/5344,ontwerpbureau
https://nago.nl/agent/5364,binderij
https://nago.nl/agent/5420,binderij
https://nago.nl/agent/5427,ontwerpbureau
https://nago.nl/agent/5456,ontwerpbureau
https://nago.nl/agent/5457,museum
https://nago.nl/agent/5467,ontwerpbureau
https://nago.nl/agent/5492,museum
https://nago.nl/agent/5510,museum
https://nago.nl/agent/5522,binderij
https://nago.nl/agent/5572,ontwerpbureau
https://nago.nl/agent/5583,ontwerpbureau
https://nago.nl/agent/5619,ontwerpbureau
https://nago.nl/agent/5646,binderij
https://nago.nl/agent/5648,ontwerpbureau
https://nago.nl/agent/5679,binderij
https://nago.nl/agent/5743,ontwerpbureau
https://nago.nl/agent/5749,museum
https://nago.nl/agent/5750,ontwerpbureau
https://nago.nl/agent/5770,ontwerpbureau
https://nago.nl/agent/5779,museum
https://nago.nl/agent/5790,museum
https://nago.nl/agent/5794,ontwerpbureau
https://nago.nl/agent/5823,museum
https://nago.nl/agent/5841,museum
https://nago.nl/agent/5856,museum
https://nago.nl/agent/5860,museum
https://nago.nl/agent/5864,museum
https://nago.nl/agent/5886,ontwerpbureau
https://nago.nl/agent/5915,museum
https://nago.nl/agent/5998,binderij
https://nago.nl/agent/6061,museum
https://nago.nl/agent/6079,ontwerpbureau
https://nago.nl/agent/6089,museum
https://nago.nl/agent/6092,museum
https://nago.nl/agent/2376,museum
https://nago.nl/agent/2963,museum
https://nago.nl/agent/3122,museum
https://nago.nl/agent/3124,museum
https://nago.nl/agent/5080,binderij
https://nago.nl/agent/5179,binderij
https://nago.nl/agent/5295,ontwerpbureau
https://nago.nl/agent/5656,ontwerpbureau
https://nago.nl/agent/5842,museum
https://nago.nl/agent/5852,museum
https://nago.nl/agent/5890,ontwerpbureau
https://nago.nl/agent/5903,museum
https://nago.nl/agent/6069,ontwerpbureau
https://nago.nl/agent/2283,uitgeverij
https://nago.nl/agent/2292,drukkerij
https://nago.nl/agent/2298,uitgeverij
https://nago.nl/agent/2311,drukkerij
https://nago.nl/agent/2314,drukkerij
https://nago.nl/agent/2322,uitgeverij
https://nago.nl/agent/2331,uitgeverij
https://nago.nl/agent/2354,drukkerij
https://nago.nl/agent/2360,uitgeverij
https://nago.nl/agent/2367,drukkerij
https://nago.nl/agent/2436,drukkerij
https://nago.nl/agent/2437,drukkerij
https://nago.nl/agent/2447,drukkerij
https://nago.nl/agent/2453,drukkerij
https://nago.nl/agent/2457,drukkerij
https://nago.nl/agent/2461,drukkerij
https://nago.nl/agent/2476,archief
https://nago.nl/agent/2477,drukkerij
https://nago.nl/agent/2520,drukkerij
https://nago.nl/agent/2526,drukkerij
https://nago.nl/agent/2539,uitgeverij
https://nago.nl/agent/2541,uitgeverij
https://nago.nl/agent/2542,drukkerij
https://nago.nl/agent/2551,drukkerij
https://nago.nl/agent/2559,uitgeverij
https://nago.nl/agent/2567,drukkerij
https://nago.nl/agent/2577,drukkerij
https://nago.nl/agent/2584,uitgeverij
https://nago.nl/agent/2598,uitgeverij
https://nago.nl/agent/2608,drukkerij
https://nago.nl/agent/2618,uitgeverij
https://nago.nl/agent/2668,drukkerij
https://nago.nl/agent/2669,drukkerij
https://nago.nl/agent/2679,drukkerij
https://nago.nl/agent/2949,uitgeverij
https://nago.nl/agent/2966,galerie
https://nago.nl/agent/2985,uitgeverij
https://nago.nl/agent/2986,uitgeverij
https://nago.nl/agent/2992,uitgeverij
https://nago.nl/agent/3089,drukkerij
https://nago.nl/agent/3156,drukkerij
https://nago.nl/agent/3157,drukkerij
https://nago.nl/agent/3165,drukkerij
https://nago.nl/agent/3172,drukkerij
https://nago.nl/agent/3178,drukkerij
https://nago.nl/agent/3209,drukkerij
https://nago.nl/agent/3218,galerie
https://nago.nl/agent/3223,drukkerij
https://nago.nl/agent/3240,galerie
https://nago.nl/agent/3246,galerie
https://nago.nl/agent/3249,uitgeverij
https://nago.nl/agent/3266,drukkerij
https://nago.nl/agent/3272,drukkerij
https://nago.nl/agent/3279,archief
https://nago.nl/agent/3282,galerie
https://nago.nl/agent/3292,drukkerij
https://nago.nl/agent/3303,drukkerij
https://nago.nl/agent/3349,drukkerij
https://nago.nl/agent/3353,drukkerij
https://nago.nl/agent/3365,drukkerij
https://nago.nl/agent/3367,drukkerij
https://nago.nl/agent/3388,uitgeverij
https://nago.nl/agent/3390,uitgeverij
https://nago.nl/agent/3396,drukkerij
https://nago.nl/agent/3459,galerie
https://nago.nl/agent/3474,galerie
https://nago.nl/agent/3475,uitgeverij
https://nago.nl/agent/3477,uitgeverij
https://nago.nl/agent/3480,drukkerij
https://nago.nl/agent/3481,uitgeverij
https://nago.nl/agent/3482,drukkerij
https://nago.nl/agent/3491,drukkerij
https://nago.nl/agent/3505,galerie
https://nago.nl/agent/3513,galerie
https://nago.nl/agent/3521,drukkerij
https://nago.nl/agent/3530,drukkerij
https://nago.nl/agent/3547,drukkerij
https://nago.nl/agent/3587,drukkerij
https://nago.nl/agent/3589,drukkerij
https://nago.nl/agent/3596,drukkerij
https://nago.nl/agent/3602,drukkerij
https://nago.nl/agent/3606,galerie
https://nago.nl/agent/3627,drukkerij
https://nago.nl/agent/3630,drukkerij
https://nago.nl/agent/3644,drukkerij
https://nago.nl/agent/3647,drukkerij
https://nago.nl/agent/3665,uitgeverij
https://nago.nl/agent/3668,galerie
https://nago.nl/agent/3677,drukkerij
https://nago.nl/agent/3728,drukkerij
https://nago.nl/agent/3730,drukkerij
https://nago.nl/agent/3733,drukkerij
https://nago.nl/agent/3738,drukkerij
https://nago.nl/agent/3747,drukkerij
https://nago.nl/agent/3754,uitgeverij
https://nago.nl/agent/3757,drukkerij
https://nago.nl/agent/3761,uitgeverij
https://nago.nl/agent/3772,uitgeverij
https://nago.nl/agent/3794,drukkerij
https://nago.nl/agent/3800,drukkerij
https://nago.nl/agent/3813,drukkerij
https://nago.nl/agent/3821,drukkerij
https://nago.nl/agent/3823,drukkerij
https://nago.nl/agent/3826,drukkerij
https://nago.nl/agent/3840,drukkerij
https://nago.nl/agent/3843,uitgeverij
https://nago.nl/agent/3845,uitgeverij
https://nago.nl/agent/3854,drukkerij
https://nago.nl/agent/3865,drukkerij
https://nago.nl/agent/3867,drukkerij
https://nago.nl/agent/3881,drukkerij
https://nago.nl/agent/3888,drukkerij
https://nago.nl/agent/3904,uitgeverij
https://nago.nl/agent/3907,galerie
https://nago.nl/agent/3918,drukkerij
https://nago.nl/agent/3931,drukkerij
https://nago.nl/agent/3943,drukkerij
https://nago.nl/agent/3953,drukkerij
https://nago.nl/agent/3962,drukkerij
https://nago.nl/agent/3963,drukkerij
https://nago.nl/agent/3973,drukkerij
https://nago.nl/agent/3985,drukkerij
https://nago.nl/agent/3993,drukkerij
https://nago.nl/agent/4004,drukkerij
https://nago.nl/agent/4005,drukkerij
https://nago.nl/agent/4006,drukkerij
https://nago.nl/agent/4008,drukkerij
https://nago.nl/agent/4010,drukkerij
https://nago.nl/agent/4018,drukkerij
https://nago.nl/agent/4023,drukkerij
https://nago.nl/agent/4042,drukkerij
https://nago.nl/agent/4062,drukkerij
https://nago.nl/agent/4064,drukkerij
https://nago.nl/agent/4075,drukkerij
https://nago.nl/agent/4083,drukkerij
https://nago.nl/agent/4085,drukkerij
https://nago.nl/agent/4087,drukkerij
https://nago.nl/agent/4090,reclamebureau
https://nago.nl/agent/4091,drukkerij
https://nago.nl/agent/4097,archief
https://nago.nl/agent/4099,drukkerij
https://nago.nl/agent/4100,reclamebureau
https://nago.nl/agent/4101,drukkerij
https://nago.nl/agent/4104,drukkerij
https://nago.nl/agent/4107,drukkerij
https://nago.nl/agent/4109,drukkerij
https://nago.nl/agent/4115,reclamebureau
https://nago.nl/agent/4143,drukkerij
https://nago.nl/agent/4147,drukkerij
https://nago.nl/agent/4169,uitgeverij
https://nago.nl/agent/4175,drukkerij
https://nago.nl/agent/4178,drukkerij
https://nago.nl/agent/4181,drukkerij
https://nago.nl/agent/4188,drukkerij
https://nago.nl/agent/4190,drukkerij
https://nago.nl/agent/4194,drukkerij
https://nago.nl/agent/4201,drukkerij
https://nago.nl/agent/4204,drukkerij
https://nago.nl/agent/4236,drukkerij
https://nago.nl/agent/4245,drukkerij
https://nago.nl/agent/4248,uitgeverij
https://nago.nl/agent/4270,drukkerij
https://nago.nl/agent/4272,drukkerij
https://nago.nl/agent/4308,drukkerij
https://nago.nl/agent/4332,reclamebureau
https://nago.nl/agent/4353,drukkerij
https://nago.nl/agent/4354,drukkerij
https://nago.nl/agent/4361,archief
https://nago.nl/agent/4362,archief
https://nago.nl/agent/4365,drukkerij
https://nago.nl/agent/4366,drukkerij
https://nago.nl/agent/4367,drukkerij
https://nago.nl/agent/4401,drukkerij
https://nago.nl/agent/4409,drukkerij
https://nago.nl/agent/4411,drukkerij
https://nago.nl/agent/4414,drukkerij
https://nago.nl/agent/4426,drukkerij
https://nago.nl/agent/4431,drukkerij
https://nago.nl/agent/4433,drukkerij
https://nago.nl/agent/4439,drukkerij
https://nago.nl/agent/4452,drukkerij
https://nago.nl/agent/4456,drukkerij
https://nago.nl/agent/4468,drukkerij
https://nago.nl/agent/4501,drukkerij
https://nago.nl/agent/4504,uitgeverij
https://nago.nl/agent/4512,drukkerij
https://nago.nl/agent/4513,drukkerij
https://nago.nl/agent/4519,drukkerij
https://nago.nl/agent/4521,drukkerij
https://nago.nl/agent/4527,drukkerij
https://nago.nl/agent/4532,uitgeverij
https://nago.nl/agent/4547,drukkerij
https://nago.nl/agent/4554,drukkerij
https://nago.nl/agent/4560,drukkerij
https://nago.nl/agent/4566,drukkerij
https://nago.nl/agent/4567,drukkerij
https://nago.nl/agent/4571,drukkerij
https://nago.nl/agent/4573,drukkerij
https://nago.nl/agent/4597,uitgeverij
https://nago.nl/agent/4607,drukkerij
https://nago.nl/agent/4629,drukkerij
https://nago.nl/agent/4659,uitgeverij
https://nago.nl/agent/4672,uitgeverij
https://nago.nl/agent/4681,uitgeverij
https://nago.nl/agent/4694,uitgeverij
https://nago.nl/agent/4714,drukkerij
https://nago.nl/agent/4715,drukkerij
https://nago.nl/agent/4717,uitgeverij
https://nago.nl/agent/4718,uitgeverij
https://nago.nl/agent/4719,uitgeverij
https://nago.nl/agent/4720,uitgeverij
https://nago.nl/agent/4724,drukkerij
https://nago.nl/agent/4725,uitgeverij
https://nago.nl/agent/4731,drukkerij
https://nago.nl/agent/4741,drukkerij
https://nago.nl/agent/4750,drukkerij
https://nago.nl/agent/4759,uitgeverij
https://nago.nl/agent/4762,drukkerij
https://nago.nl/agent/4775,drukkerij
https://nago.nl/agent/4778,drukkerij
https://nago.nl/agent/4788,uitgeverij
https://nago.nl/agent/4797,drukkerij
https://nago.nl/agent/4798,drukkerij
https://nago.nl/agent/4799,drukkerij
https://nago.nl/agent/4810,drukkerij
https://nago.nl/agent/4811,bedrijf
https://nago.nl/agent/4819,bedrijf
https://nago.nl/agent/4821,drukkerij
https://nago.nl/agent/4822,overig
https://nago.nl/agent/4824,overig
https://nago.nl/agent/4825,architectenbureau
https://nago.nl/agent/4828,architectenbureau
https://nago.nl/agent/4829,architectenbureau
https://nago.nl/agent/4830,overig
https://nago.nl/agent/4831,bureau
https://nago.nl/agent/4832,overig
https://nago.nl/agent/4833,bedrijf
https://nago.nl/agent/4836,stichting
https://nago.nl/agent/4837,overig
https://nago.nl/agent/4838,bedrijf
https://nago.nl/agent/4840,bank
https://nago.nl/agent/4842,overig
https://nago.nl/agent/4843,overig
https://nago.nl/agent/4844,overig
https://nago.nl/agent/4845,drukkerij
https://nago.nl/agent/4846,drukkerij
https://nago.nl/agent/4847,bedrijf
https://nago.nl/agent/4848,theater
https://nago.nl/agent/4850,overig
https://nago.nl/agent/4851,overig
https://nago.nl/agent/4852,bedrijf
https://nago.nl/agent/4854,bedrijf
https://nago.nl/agent/4856,bedrijf
https://nago.nl/agent/4857,bank
https://nago.nl/agent/4859,reclamebureau
https://nago.nl/agent/4860,onderwijs
https://nago.nl/agent/4863,drukkerij
https://nago.nl/agent/4864,overig
https://nago.nl/agent/4867,reclamebureau
https://nago.nl/agent/4868,drukkerij
https://nago.nl/agent/4869,overig
https://nago.nl/agent/4871,overig
https://nago.nl/agent/4877,overig
https://nago.nl/agent/4878,overig
https://nago.nl/agent/4879,overig
https://nago.nl/agent/4881,bank
https://nago.nl/agent/4886,drukkerij
https://nago.nl/agent/4888,overig
https://nago.nl/agent/4891,architectenbureau
https://nago.nl/agent/4892,bedrijf
https://nago.nl/agent/4893,bedrijf
https://nago.nl/agent/4894,overig
https://nago.nl/agent/4895,bedrijf
https://nago.nl/agent/4897,architectenbureau
https://nago.nl/agent/4898,bedrijf
https://nago.nl/agent/4899,vereniging
https://nago.nl/agent/4901,bedrijf
https://nago.nl/agent/4902,overig
https://nago.nl/agent/4903,overig
https://nago.nl/agent/4906,overig
https://nago.nl/agent/4907,bedrijf
https://nago.nl/agent/4913,stichting
https://nago.nl/agent/4914,overig
https://nago.nl/agent/4916,overig
https://nago.nl/agent/4917,overig
https://nago.nl/agent/4918,theater
https://nago.nl/agent/4922,overig
https://nago.nl/agent/4925,bedrijf
https://nago.nl/agent/4926,bedrijf
https://nago.nl/agent/4927,overig
https://nago.nl/agent/4929,overig
https://nago.nl/agent/4930,bedrijf
https://nago.nl/agent/4937,drukkerij
https://nago.nl/agent/4942,overig
https://nago.nl/agent/4943,overig
https://nago.nl/agent/4944,overig
https://nago.nl/agent/4947,overig
https://nago.nl/agent/4950,overig
https://nago.nl/agent/4951,drukkerij
https://nago.nl/agent/4952,stichting
https://nago.nl/agent/4953,drukkerij
https://nago.nl/agent/4954,museum
https://nago.nl/agent/4956,overig
https://nago.nl/agent/4957,bedrijf
https://nago.nl/agent/4959,theater
https://nago.nl/agent/4963,bedrijf
https://nago.nl/agent/4964,overig
https://nago.nl/agent/4969,overig
https://nago.nl/agent/4973,galerie
https://nago.nl/agent/4976,drukkerij
https://nago.nl/agent/4977,overig
https://nago.nl/agent/4978,drukkerij
https://nago.nl/agent/4980,fonds
https://nago.nl/agent/4981,gemeente
https://nago.nl/agent/4985,drukkerij
https://nago.nl/agent/4986,bank
https://nago.nl/agent/4988,stichting
https://nago.nl/agent/4990,overig
https://nago.nl/agent/4998,overig
https://nago.nl/agent/4999,overig
https://nago.nl/agent/5001,drukkerij
https://nago.nl/agent/5003,overig
https://nago.nl/agent/5004,drukkerij
https://nago.nl/agent/5006,overig
https://nago.nl/agent/5007,overig
https://nago.nl/agent/5009,drukkerij
https://nago.nl/agent/5010,drukkerij
https://nago.nl/agent/5011,reclamebureau
https://nago.nl/agent/5012,overig
https://nago.nl/agent/5014,drukkerij
https://nago.nl/agent/5015,stichting
https://nago.nl/agent/5016,bedrijf
https://nago.nl/agent/5017,gezondheidszorg
https://nago.nl/agent/5021,bedrijf
https://nago.nl/agent/5022,overig
https://nago.nl/agent/5025,drukkerij
https://nago.nl/agent/5026,drukkerij
https://nago.nl/agent/5027,overig
https://nago.nl/agent/5029,bedrijf
https://nago.nl/agent/5033,uitgeverij
https://nago.nl/agent/5035,overig
https://nago.nl/agent/5037,overig
https://nago.nl/agent/5039,museum
https://nago.nl/agent/5040,overig
https://nago.nl/agent/5041,overig
https://nago.nl/agent/5044,overig
https://nago.nl/agent/5049,stichting
https://nago.nl/agent/5050,stichting
https://nago.nl/agent/5052,drukkerij
https://nago.nl/agent/5053,drukkerij
https://nago.nl/agent/5054,drukkerij
https://nago.nl/agent/5055,drukkerij
https://nago.nl/agent/5056,drukkerij
https://nago.nl/agent/5058,stichting
https://nago.nl/agent/5060,museum
https://nago.nl/agent/5061,drukkerij
https://nago.nl/agent/5065,overig
https://nago.nl/agent/5066,drukkerij
https://nago.nl/agent/5067,overig
https://nago.nl/agent/5068,bedrijf
https://nago.nl/agent/5069,overig
https://nago.nl/agent/5081,drukkerij
https://nago.nl/agent/5083,bedrijf
https://nago.nl/agent/5084,drukkerij
https://nago.nl/agent/5085,overig
https://nago.nl/agent/5087,overig
https://nago.nl/agent/5088,galerie
https://nago.nl/agent/5089,overig
https://nago.nl/agent/5091,overig
https://nago.nl/agent/5092,overig
https://nago.nl/agent/5095,archief
https://nago.nl/agent/5096,overig
https://nago.nl/agent/5097,drukkerij
https://nago.nl/agent/5109,drukkerij
https://nago.nl/agent/5110,overig
https://nago.nl/agent/5111,drukkerij
https://nago.nl/agent/5113,architectenbureau
https://nago.nl/agent/5118,vereniging
https://nago.nl/agent/5119,overig
https://nago.nl/agent/5120,overig
https://nago.nl/agent/5121,overig
https://nago.nl/agent/5134,overig
https://nago.nl/agent/5139,bank
https://nago.nl/agent/5142,drukkerij
https://nago.nl/agent/5143,drukkerij
https://nago.nl/agent/5150,gemeente
https://nago.nl/agent/5152,bedrijf
https://nago.nl/agent/5157,overig
https://nago.nl/agent/5160,overig
https://nago.nl/agent/5161,bedrijf
https://nago.nl/agent/5166,theater
https://nago.nl/agent/5167,drukkerij
https://nago.nl/agent/5169,drukkerij
https://nago.nl/agent/5185,overig
https://nago.nl/agent/5190,drukkerij
https://nago.nl/agent/5214,drukkerij
https://nago.nl/agent/5217,overig
https://nago.nl/agent/5221,overig
https://nago.nl/agent/5222,galerie
https://nago.nl/agent/5223,overig
https://nago.nl/agent/5224,drukkerij
https://nago.nl/agent/5225,drukkerij
https://nago.nl/agent/5226,stichting
https://nago.nl/agent/5236,overig
https://nago.nl/agent/5237,bedrijf
https://nago.nl/agent/5239,overig
https://nago.nl/agent/5240,drukkerij
https://nago.nl/agent/5241,overig
https://nago.nl/agent/5244,overig
https://nago.nl/agent/5248,drukkerij
https://nago.nl/agent/5250,overig
https://nago.nl/agent/5253,overig
https://nago.nl/agent/5254,stichting
https://nago.nl/agent/5256,overig
https://nago.nl/agent/5262,stichting
https://nago.nl/agent/5263,drukkerij
https://nago.nl/agent/5264,bedrijf
https://nago.nl/agent/5265,overig
https://nago.nl/agent/5266,drukkerij
https://nago.nl/agent/5270,overig
https://nago.nl/agent/5271,drukkerij
https://nago.nl/agent/5272,drukkerij
https://nago.nl/agent/5274,drukkerij
https://nago.nl/agent/5275,overig
https://nago.nl/agent/5276,galerie
https://nago.nl/agent/5277,theater
https://nago.nl/agent/5278,theater
https://nago.nl/agent/5283,uitgeverij
https://nago.nl/agent/5292,vereniging
https://nago.nl/agent/5293,overig
https://nago.nl/agent/5298,overig
https://nago.nl/agent/5302,overig
https://nago.nl/agent/5305,drukkerij
https://nago.nl/agent/5306,overig
https://nago.nl/agent/5307,overig
https://nago.nl/agent/5310,drukkerij
https://nago.nl/agent/5312,drukkerij
https://nago.nl/agent/5314,drukkerij
https://nago.nl/agent/5315,drukkerij
https://nago.nl/agent/5318,drukkerij
https://nago.nl/agent/5321,drukkerij
https://nago.nl/agent/5322,stichting
https://nago.nl/agent/5323,onderwijs
https://nago.nl/agent/5324,overig
https://nago.nl/agent/5328,universiteitsbliotheek
https://nago.nl/agent/5329,drukkerij
https://nago.nl/agent/5332,overig
https://nago.nl/agent/5335,overig
https://nago.nl/agent/5338,drukkerij
https://nago.nl/agent/5341,stichting
https://nago.nl/agent/5343,overig
https://nago.nl/agent/5345,stichting
https://nago.nl/agent/5349,overig
https://nago.nl/agent/5350,bedrijf
https://nago.nl/agent/5351,stichting
https://nago.nl/agent/5356,overig
https://nago.nl/agent/5359,theater
https://nago.nl/agent/5365,overig
https://nago.nl/agent/5366,overig
https://nago.nl/agent/5372,stichting
https://nago.nl/agent/5373,drukkerij
https://nago.nl/agent/5376,bank
https://nago.nl/agent/5382,stichting
https://nago.nl/agent/5386,overig
https://nago.nl/agent/5388,drukkerij
https://nago.nl/agent/5390,stichting
https://nago.nl/agent/5391,overig
https://nago.nl/agent/5392,drukkerij
https://nago.nl/agent/5394,onderwijs
https://nago.nl/agent/5396,overig
https://nago.nl/agent/5397,overig
https://nago.nl/agent/5407,stichting
https://nago.nl/agent/5408,overig
https://nago.nl/agent/5409,overig
https://nago.nl/agent/5412,bedrijf
https://nago.nl/agent/5416,overig
https://nago.nl/agent/5417,gezondheidszorg
https://nago.nl/agent/5418,vereniging
https://nago.nl/agent/5419,drukkerij
https://nago.nl/agent/5423,overig
https://nago.nl/agent/5425,drukkerij
https://nago.nl/agent/5428,drukkerij
https://nago.nl/agent/5443,drukkerij
https://nago.nl/agent/5454,drukkerij
https://nago.nl/agent/5455,theater
https://nago.nl/agent/5459,drukkerij
https://nago.nl/agent/5460,overig
https://nago.nl/agent/5461,bedrijf
https://nago.nl/agent/5462,bedrijf
https://nago.nl/agent/5465,overig
https://nago.nl/agent/5466,drukkerij
https://nago.nl/agent/5469,stichting
https://nago.nl/agent/5470,stichting
https://nago.nl/agent/5471,drukkerij
https://nago.nl/agent/5472,overig
https://nago.nl/agent/5475,overig
https://nago.nl/agent/5489,overig
https://nago.nl/agent/5496,overig
https://nago.nl/agent/5497,overig
https://nago.nl/agent/5498,overig
https://nago.nl/agent/5502,uitgeverij
https://nago.nl/agent/5504,uitgeverij
https://nago.nl/agent/5505,uitgeverij
https://nago.nl/agent/5512,overig
https://nago.nl/agent/5513,drukkerij
https://nago.nl/agent/5514,drukkerij
https://nago.nl/agent/5515,overig
https://nago.nl/agent/5516,drukkerij
https://nago.nl/agent/5517,drukkerij
https://nago.nl/agent/5519,overig
https://nago.nl/agent/5520,drukkerij
https://nago.nl/agent/5523,uitgeverij
https://nago.nl/agent/5525,fonds
https://nago.nl/agent/5526,bedrijf
https://nago.nl/agent/5528,overig
https://nago.nl/agent/5531,overig
https://nago.nl/agent/5535,drukkerij
https://nago.nl/agent/5538,drukkerij
https://nago.nl/agent/5539,overig
https://nago.nl/agent/5541,drukkerij
https://nago.nl/agent/5542,drukkerij
https://nago.nl/agent/5543,uitgeverij
https://nago.nl/agent/5546,overig
https://nago.nl/agent/5550,overig
https://nago.nl/agent/5551,overig
https://nago.nl/agent/5552,galerie
https://nago.nl/agent/5553,gezondheidszorg
https://nago.nl/agent/5557,bank
https://nago.nl/agent/5560,overig
https://nago.nl/agent/5563,bedrijf
https://nago.nl/agent/5564,bedrijf
https://nago.nl/agent/5565,overig
https://nago.nl/agent/5566,overig
https://nago.nl/agent/5569,overig
https://nago.nl/agent/5570,bedrijf
https://nago.nl/agent/5571,overig
https://nago.nl/agent/5573,bedrijf
https://nago.nl/agent/5575,drukkerij
https://nago.nl/agent/5576,theater
https://nago.nl/agent/5577,overig
https://nago.nl/agent/5578,overig
https://nago.nl/agent/5579,overig
https://nago.nl/agent/5580,bedrijf
https://nago.nl/agent/5582,bedrijf
https://nago.nl/agent/5584,bedrijf
https://nago.nl/agent/5585,overig
https://nago.nl/agent/5586,overig
https://nago.nl/agent/5587,overig
https://nago.nl/agent/5588,bedrijf
https://nago.nl/agent/5591,overig
https://nago.nl/agent/5592,bedrijf
https://nago.nl/agent/5594,overig
https://nago.nl/agent/5596,overig
https://nago.nl/agent/5599,bedrijf
https://nago.nl/agent/5600,bedrijf
https://nago.nl/agent/5601,overig
https://nago.nl/agent/5602,bedrijf
https://nago.nl/agent/5603,bedrijf
https://nago.nl/agent/5604,overig
https://nago.nl/agent/5605,bedrijf
https://nago.nl/agent/5606,bedrijf
https://nago.nl/agent/5607,gezondheidszorg
https://nago.nl/agent/5608,overig
https://nago.nl/agent/5613,bedrijf
https://nago.nl/agent/5614,overig
https://nago.nl/agent/5615,overig
https://nago.nl/agent/5616,bedrijf
https://nago.nl/agent/5620,bedrijf
https://nago.nl/agent/5621,bedrijf
https://nago.nl/agent/5622,stichting
https://nago.nl/agent/5624,galerie
https://nago.nl/agent/5626,overig
https://nago.nl/agent/5627,overig
https://nago.nl/agent/5628,overig
https://nago.nl/agent/5629,overig
https://nago.nl/agent/5634,galerie
https://nago.nl/agent/5647,overig
https://nago.nl/agent/5649,overig
https://nago.nl/agent/5652,stichting
https://nago.nl/agent/5653,overig
https://nago.nl/agent/5654,overig
https://nago.nl/agent/5655,onderwijs
https://nago.nl/agent/5658,overig
https://nago.nl/agent/5664,overig
https://nago.nl/agent/5665,bedrijf
https://nago.nl/agent/5667,bedrijf
https://nago.nl/agent/5668,bedrijf
https://nago.nl/agent/5669,reclamebureau
https://nago.nl/agent/5675,bedrijf
https://nago.nl/agent/5686,drukkerij
https://nago.nl/agent/5688,uitgeverij
https://nago.nl/agent/5694,uitgeverij
https://nago.nl/agent/5695,overig
https://nago.nl/agent/5697,overig
https://nago.nl/agent/5698,overig
https://nago.nl/agent/5701,uitgeverij
https://nago.nl/agent/5702,overig
https://nago.nl/agent/5703,bedrijf
https://nago.nl/agent/5707,bank
https://nago.nl/agent/5709,overig
https://nago.nl/agent/5710,overig
https://nago.nl/agent/5711,uitgeverij
https://nago.nl/agent/5712,uitgeverij
https://nago.nl/agent/5713,uitgeverij
https://nago.nl/agent/5714,bedrijf
https://nago.nl/agent/5717,drukkerij
https://nago.nl/agent/5718,onderwijs
https://nago.nl/agent/5724,overig
https://nago.nl/agent/5725,theater
https://nago.nl/agent/5726,drukkerij
https://nago.nl/agent/5727,overig
https://nago.nl/agent/5728,onderwijs
https://nago.nl/agent/5733,drukkerij
https://nago.nl/agent/5735,overig
https://nago.nl/agent/5736,overig
https://nago.nl/agent/5737,overig
https://nago.nl/agent/5738,rijksoverheid
https://nago.nl/agent/5739,theater
https://nago.nl/agent/5748,drukkerij
https://nago.nl/agent/5751,theater
https://nago.nl/agent/5752,overig
https://nago.nl/agent/5754,overig
https://nago.nl/agent/5756,theater
https://nago.nl/agent/5764,theater
https://nago.nl/agent/5766,overig
https://nago.nl/agent/5769,overig
https://nago.nl/agent/5772,communicatiebureau
https://nago.nl/agent/5773,overig
https://nago.nl/agent/5774,overig
https://nago.nl/agent/5781,theater
https://nago.nl/agent/5782,theater
https://nago.nl/agent/5783,overig
https://nago.nl/agent/5784,drukkerij
https://nago.nl/agent/5788,drukkerij
https://nago.nl/agent/5789,drukkerij
https://nago.nl/agent/5795,drukkerij
https://nago.nl/agent/5804,drukkerij
https://nago.nl/agent/5829,theater
https://nago.nl/agent/5831,overig
https://nago.nl/agent/5832,overig
https://nago.nl/agent/5834,drukkerij
https://nago.nl/agent/5835,drukkerij
https://nago.nl/agent/5838,overig
https://nago.nl/agent/5844,overig
https://nago.nl/agent/5847,overig
https://nago.nl/agent/5848,overig
https://nago.nl/agent/5849,overig
https://nago.nl/agent/5850,drukkerij
https://nago.nl/agent/5853,bedrijf
https://nago.nl/agent/5859,overig
https://nago.nl/agent/5861,overig
https://nago.nl/agent/5862,universiteitsbliotheek
https://nago.nl/agent/5865,overig
https://nago.nl/agent/5866,galerie
https://nago.nl/agent/5870,overig
https://nago.nl/agent/5871,bedrijf
https://nago.nl/agent/5872,overig
https://nago.nl/agent/5874,overig
https://nago.nl/agent/5875,stichting
https://nago.nl/agent/5877,uitgeverij
https://nago.nl/agent/5878,overig
https://nago.nl/agent/5879,overig
https://nago.nl/agent/5880,drukkerij
https://nago.nl/agent/5881,overig
https://nago.nl/agent/5885,partij
https://nago.nl/agent/5891,theater
https://nago.nl/agent/5893,overig
https://nago.nl/agent/5896,overig
https://nago.nl/agent/5900,overig
https://nago.nl/agent/5902,drukkerij
https://nago.nl/agent/5904,overig
https://nago.nl/agent/5905,overig
https://nago.nl/agent/5908,overig
https://nago.nl/agent/5910,overig
https://nago.nl/agent/5911,overig
https://nago.nl/agent/5912,galerie
https://nago.nl/agent/5913,overig
https://nago.nl/agent/5914,overig
https://nago.nl/agent/5916,overig
https://nago.nl/agent/5917,uitgeverij
https://nago.nl/agent/5925,drukkerij
https://nago.nl/agent/5956,uitgeverij
https://nago.nl/agent/5969,uitgeverij
https://nago.nl/agent/5975,uitgeverij
https://nago.nl/agent/5996,drukkerij
https://nago.nl/agent/5997,drukkerij
https://nago.nl/agent/6013,onderwijs
https://nago.nl/agent/6014,academie
https://nago.nl/agent/6015,overig
https://nago.nl/agent/6057,uitgeverij
https://nago.nl/agent/6062,drukkerij
https://nago.nl/agent/6075,onderwijs
https://nago.nl/agent/6080,drukkerij
https://nago.nl/agent/6082,uitgeverij
https://nago.nl/agent/6083,drukkerij
https://nago.nl/agent/6085,drukkerij
https://nago.nl/agent/6086,onderwijs
https://nago.nl/agent/6088,uitgeverij
https://nago.nl/agent/6091,drukkerij
https://nago.nl/agent/2345,overig
https://nago.nl/agent/2519,uitgeverij
https://nago.nl/agent/2962,galerie
https://nago.nl/agent/3059,overig
https://nago.nl/agent/3092,overig
https://nago.nl/agent/3242,overig
https://nago.nl/agent/3288,overig
https://nago.nl/agent/3394,theater
https://nago.nl/agent/3420,overig
https://nago.nl/agent/3515,overig
https://nago.nl/agent/3571,overig
https://nago.nl/agent/3605,overig
https://nago.nl/agent/3650,stichting
https://nago.nl/agent/3755,overig
https://nago.nl/agent/3784,overig
https://nago.nl/agent/3811,theater
https://nago.nl/agent/3988,overig
https://nago.nl/agent/4041,overig
https://nago.nl/agent/4081,overig
https://nago.nl/agent/4106,overig
https://nago.nl/agent/4228,theater
https://nago.nl/agent/4310,overig
https://nago.nl/agent/4327,theater
https://nago.nl/agent/4603,bedrijf
https://nago.nl/agent/4604,bedrijf
https://nago.nl/agent/4880,overig
https://nago.nl/agent/4882,overig
https://nago.nl/agent/4884,galerie
https://nago.nl/agent/4887,overig
https://nago.nl/agent/4896,overig
https://nago.nl/agent/4931,overig
https://nago.nl/agent/5020,drukkerij
https://nago.nl/agent/5024,drukkerij
https://nago.nl/agent/5059,overig
https://nago.nl/agent/5078,uitgeverij
https://nago.nl/agent/5115,architectenbureau
https://nago.nl/agent/5172,overig
https://nago.nl/agent/5205,overig
https://nago.nl/agent/5232,overig
https://nago.nl/agent/5245,overig
https://nago.nl/agent/5660,overig
https://nago.nl/agent/5796,museum
https://nago.nl/agent/5855,galerie
https://nago.nl/agent/5887,drukkerij
https://nago.nl/agent/5906,theater
https://nago.nl/agent/5909,overig
https://nago.nl/agent/5923,overig
https://nago.nl/agent/6071,drukkerij
https://nago.nl/agent/6077,stichting
https://nago.nl/agent/6084,stichting
